{
"gas_emissions": 78.61952861952862,
"ghg_intensity_changes": 71.88552188552188,
"renewable_energy_ratios": 38.72053872053872,
"total_energy_uses": 68.51851851851852,
"water_emissions": 4.040404040404041,
"hazardous_wastes": 32.15488215488215,
"ungc_violations": 98.14814814814815,
"oecd_guidelines": 98.31649831649831,
"gender_pay_gap": 21.71717171717172,
"board_gender_diversity": 97.81144781144782,
"controversial_weapons": 98.31649831649831
}